amino_acid_x,amino_acid_y,blosum100
*,*,1
*,A,-10
*,B,-10
*,C,-10
*,D,-10
*,E,-10
*,F,-10
*,G,-10
*,H,-10
*,I,-10
*,J,NULL
*,K,-10
*,L,-10
*,M,-10
*,N,-10
*,O,NULL
*,P,-10
*,Q,-10
*,R,-10
*,S,-10
*,T,-10
*,U,NULL
*,V,-10
*,W,-10
*,X,-10
*,Y,-10
*,Z,-10
A,*,-10
A,A,8
A,B,-4
A,C,-2
A,D,-5
A,E,-3
A,F,-5
A,G,-1
A,H,-4
A,I,-4
A,J,NULL
A,K,-2
A,L,-4
A,M,-3
A,N,-4
A,O,NULL
A,P,-2
A,Q,-2
A,R,-3
A,S,1
A,T,-1
A,U,NULL
A,V,-2
A,W,-6
A,X,-2
A,Y,-5
A,Z,-2
B,*,-10
B,A,-4
B,B,6
B,C,-7
B,D,6
B,E,0
B,F,-7
B,G,-3
B,H,-2
B,I,-8
B,J,NULL
B,K,-2
B,L,-8
B,M,-7
B,N,5
B,O,NULL
B,P,-5
B,Q,-2
B,R,-4
B,S,-1
B,T,-2
B,U,NULL
B,V,-7
B,W,-9
B,X,-4
B,Y,-6
B,Z,0
C,*,-10
C,A,-2
C,B,-7
C,C,14
C,D,-8
C,E,-9
C,F,-4
C,G,-7
C,H,-8
C,I,-3
C,J,NULL
C,K,-8
C,L,-5
C,M,-4
C,N,-5
C,O,NULL
C,P,-8
C,Q,-7
C,R,-8
C,S,-3
C,T,-3
C,U,NULL
C,V,-3
C,W,-7
C,X,-5
C,Y,-6
C,Z,-8
D,*,-10
D,A,-5
D,B,6
D,C,-8
D,D,10
D,E,2
D,F,-8
D,G,-4
D,H,-3
D,I,-8
D,J,NULL
D,K,-3
D,L,-8
D,M,-8
D,N,1
D,O,NULL
D,P,-5
D,Q,-2
D,R,-5
D,S,-2
D,T,-4
D,U,NULL
D,V,-8
D,W,-10
D,X,-4
D,Y,-7
D,Z,0
E,*,-10
E,A,-3
E,B,0
E,C,-9
E,D,2
E,E,10
E,F,-8
E,G,-6
E,H,-2
E,I,-7
E,J,NULL
E,K,0
E,L,-7
E,M,-5
E,N,-2
E,O,NULL
E,P,-4
E,Q,2
E,R,-2
E,S,-2
E,T,-3
E,U,NULL
E,V,-5
E,W,-8
E,X,-3
E,Y,-7
E,Z,7
F,*,-10
F,A,-5
F,B,-7
F,C,-4
F,D,-8
F,E,-8
F,F,11
F,G,-8
F,H,-4
F,I,-2
F,J,NULL
F,K,-6
F,L,0
F,M,-1
F,N,-7
F,O,NULL
F,P,-7
F,Q,-6
F,R,-6
F,S,-5
F,T,-5
F,U,NULL
F,V,-3
F,W,0
F,X,-4
F,Y,4
F,Z,-7
G,*,-10
G,A,-1
G,B,-3
G,C,-7
G,D,-4
G,E,-6
G,F,-8
G,G,9
G,H,-6
G,I,-9
G,J,NULL
G,K,-5
G,L,-8
G,M,-7
G,N,-2
G,O,NULL
G,P,-6
G,Q,-5
G,R,-6
G,S,-2
G,T,-5
G,U,NULL
G,V,-8
G,W,-7
G,X,-4
G,Y,-8
G,Z,-5
H,*,-10
H,A,-4
H,B,-2
H,C,-8
H,D,-3
H,E,-2
H,F,-4
H,G,-6
H,H,13
H,I,-7
H,J,NULL
H,K,-3
H,L,-6
H,M,-5
H,N,0
H,O,NULL
H,P,-5
H,Q,1
H,R,-1
H,S,-3
H,T,-4
H,U,NULL
H,V,-7
H,W,-5
H,X,-4
H,Y,1
H,Z,-1
I,*,-10
I,A,-4
I,B,-8
I,C,-3
I,D,-8
I,E,-7
I,F,-2
I,G,-9
I,H,-7
I,I,8
I,J,NULL
I,K,-6
I,L,2
I,M,1
I,N,-7
I,O,NULL
I,P,-7
I,Q,-6
I,R,-7
I,S,-5
I,T,-3
I,U,NULL
I,V,4
I,W,-6
I,X,-3
I,Y,-4
I,Z,-7
J,*,NULL
J,A,NULL
J,B,NULL
J,C,NULL
J,D,NULL
J,E,NULL
J,F,NULL
J,G,NULL
J,H,NULL
J,I,NULL
J,J,NULL
J,K,NULL
J,L,NULL
J,M,NULL
J,N,NULL
J,O,NULL
J,P,NULL
J,Q,NULL
J,R,NULL
J,S,NULL
J,T,NULL
J,U,NULL
J,V,NULL
J,W,NULL
J,X,NULL
J,Y,NULL
J,Z,NULL
K,*,-10
K,A,-2
K,B,-2
K,C,-8
K,D,-3
K,E,0
K,F,-6
K,G,-5
K,H,-3
K,I,-6
K,J,NULL
K,K,10
K,L,-6
K,M,-4
K,N,-1
K,O,NULL
K,P,-3
K,Q,2
K,R,3
K,S,-2
K,T,-3
K,U,NULL
K,V,-5
K,W,-8
K,X,-3
K,Y,-5
K,Z,0
L,*,-10
L,A,-4
L,B,-8
L,C,-5
L,D,-8
L,E,-7
L,F,0
L,G,-8
L,H,-6
L,I,2
L,J,NULL
L,K,-6
L,L,8
L,M,3
L,N,-7
L,O,NULL
L,P,-7
L,Q,-5
L,R,-6
L,S,-6
L,T,-4
L,U,NULL
L,V,0
L,W,-5
L,X,-3
L,Y,-4
L,Z,-6
M,*,-10
M,A,-3
M,B,-7
M,C,-4
M,D,-8
M,E,-5
M,F,-1
M,G,-7
M,H,-5
M,I,1
M,J,NULL
M,K,-4
M,L,3
M,M,12
M,N,-5
M,O,NULL
M,P,-5
M,Q,-2
M,R,-4
M,S,-4
M,T,-2
M,U,NULL
M,V,0
M,W,-4
M,X,-3
M,Y,-5
M,Z,-4
N,*,-10
N,A,-4
N,B,5
N,C,-5
N,D,1
N,E,-2
N,F,-7
N,G,-2
N,H,0
N,I,-7
N,J,NULL
N,K,-1
N,L,-7
N,M,-5
N,N,11
N,O,NULL
N,P,-5
N,Q,-1
N,R,-2
N,S,0
N,T,-1
N,U,NULL
N,V,-7
N,W,-8
N,X,-3
N,Y,-5
N,Z,-2
O,*,NULL
O,A,NULL
O,B,NULL
O,C,NULL
O,D,NULL
O,E,NULL
O,F,NULL
O,G,NULL
O,H,NULL
O,I,NULL
O,J,NULL
O,K,NULL
O,L,NULL
O,M,NULL
O,N,NULL
O,O,NULL
O,P,NULL
O,Q,NULL
O,R,NULL
O,S,NULL
O,T,NULL
O,U,NULL
O,V,NULL
O,W,NULL
O,X,NULL
O,Y,NULL
O,Z,NULL
P,*,-10
P,A,-2
P,B,-5
P,C,-8
P,D,-5
P,E,-4
P,F,-7
P,G,-6
P,H,-5
P,I,-7
P,J,NULL
P,K,-3
P,L,-7
P,M,-5
P,N,-5
P,O,NULL
P,P,12
P,Q,-4
P,R,-5
P,S,-3
P,T,-4
P,U,NULL
P,V,-6
P,W,-8
P,X,-4
P,Y,-7
P,Z,-4
Q,*,-10
Q,A,-2
Q,B,-2
Q,C,-7
Q,D,-2
Q,E,2
Q,F,-6
Q,G,-5
Q,H,1
Q,I,-6
Q,J,NULL
Q,K,2
Q,L,-5
Q,M,-2
Q,N,-1
Q,O,NULL
Q,P,-4
Q,Q,11
Q,R,0
Q,S,-2
Q,T,-3
Q,U,NULL
Q,V,-5
Q,W,-5
Q,X,-2
Q,Y,-4
Q,Z,5
R,*,-10
R,A,-3
R,B,-4
R,C,-8
R,D,-5
R,E,-2
R,F,-6
R,G,-6
R,H,-1
R,I,-7
R,J,NULL
R,K,3
R,L,-6
R,M,-4
R,N,-2
R,O,NULL
R,P,-5
R,Q,0
R,R,10
R,S,-3
R,T,-3
R,U,NULL
R,V,-6
R,W,-7
R,X,-3
R,Y,-5
R,Z,-1
S,*,-10
S,A,1
S,B,-1
S,C,-3
S,D,-2
S,E,-2
S,F,-5
S,G,-2
S,H,-3
S,I,-5
S,J,NULL
S,K,-2
S,L,-6
S,M,-4
S,N,0
S,O,NULL
S,P,-3
S,Q,-2
S,R,-3
S,S,9
S,T,2
S,U,NULL
S,V,-4
S,W,-7
S,X,-2
S,Y,-5
S,Z,-2
T,*,-10
T,A,-1
T,B,-2
T,C,-3
T,D,-4
T,E,-3
T,F,-5
T,G,-5
T,H,-4
T,I,-3
T,J,NULL
T,K,-3
T,L,-4
T,M,-2
T,N,-1
T,O,NULL
T,P,-4
T,Q,-3
T,R,-3
T,S,2
T,T,9
T,U,NULL
T,V,-1
T,W,-7
T,X,-2
T,Y,-5
T,Z,-3
U,*,NULL
U,A,NULL
U,B,NULL
U,C,NULL
U,D,NULL
U,E,NULL
U,F,NULL
U,G,NULL
U,H,NULL
U,I,NULL
U,J,NULL
U,K,NULL
U,L,NULL
U,M,NULL
U,N,NULL
U,O,NULL
U,P,NULL
U,Q,NULL
U,R,NULL
U,S,NULL
U,T,NULL
U,U,NULL
U,V,NULL
U,W,NULL
U,X,NULL
U,Y,NULL
U,Z,NULL
V,*,-10
V,A,-2
V,B,-7
V,C,-3
V,D,-8
V,E,-5
V,F,-3
V,G,-8
V,H,-7
V,I,4
V,J,NULL
V,K,-5
V,L,0
V,M,0
V,N,-7
V,O,NULL
V,P,-6
V,Q,-5
V,R,-6
V,S,-4
V,T,-1
V,U,NULL
V,V,8
V,W,-5
V,X,-3
V,Y,-5
V,Z,-5
W,*,-10
W,A,-6
W,B,-9
W,C,-7
W,D,-10
W,E,-8
W,F,0
W,G,-7
W,H,-5
W,I,-6
W,J,NULL
W,K,-8
W,L,-5
W,M,-4
W,N,-8
W,O,NULL
W,P,-8
W,Q,-5
W,R,-7
W,S,-7
W,T,-7
W,U,NULL
W,V,-5
W,W,17
W,X,-6
W,Y,2
W,Z,-7
X,*,-10
X,A,-2
X,B,-4
X,C,-5
X,D,-4
X,E,-3
X,F,-4
X,G,-4
X,H,-4
X,I,-3
X,J,NULL
X,K,-3
X,L,-3
X,M,-3
X,N,-3
X,O,NULL
X,P,-4
X,Q,-2
X,R,-3
X,S,-2
X,T,-2
X,U,NULL
X,V,-3
X,W,-6
X,X,-3
X,Y,-4
X,Z,-2
Y,*,-10
Y,A,-5
Y,B,-6
Y,C,-6
Y,D,-7
Y,E,-7
Y,F,4
Y,G,-8
Y,H,1
Y,I,-4
Y,J,NULL
Y,K,-5
Y,L,-4
Y,M,-5
Y,N,-5
Y,O,NULL
Y,P,-7
Y,Q,-4
Y,R,-5
Y,S,-5
Y,T,-5
Y,U,NULL
Y,V,-5
Y,W,2
Y,X,-4
Y,Y,12
Y,Z,-6
Z,*,-10
Z,A,-2
Z,B,0
Z,C,-8
Z,D,0
Z,E,7
Z,F,-7
Z,G,-5
Z,H,-1
Z,I,-7
Z,J,NULL
Z,K,0
Z,L,-6
Z,M,-4
Z,N,-2
Z,O,NULL
Z,P,-4
Z,Q,5
Z,R,-1
Z,S,-2
Z,T,-3
Z,U,NULL
Z,V,-5
Z,W,-7
Z,X,-2
Z,Y,-6
Z,Z,6
